Plate,sam-name,rep,plate,sample,sampletype,full,totseq,OTUs
p1,E10K2_P1r1,1,P1,E10K2,ExtractBlank,E10K2_P1r1,149,5
p1,E10K2_P1r3,3,P1,E10K2,ExtractBlank,E10K2_P1r3,12,3
p1,E10K2_P1r4,4,P1,E10K2,ExtractBlank,E10K2_P1r4,17,3
p1,E11K3_P1r1,1,P1,E11K3,ExtractBlank,E11K3_P1r1,9,1
p1,E11K3_P1r3,3,P1,E11K3,ExtractBlank,E11K3_P1r3,216,2
p1,E11K3_P1r4,4,P1,E11K3,ExtractBlank,E11K3_P1r4,5,1
p1,E12K4_P1r1,1,P1,E12K4,ExtractBlank,E12K4_P1r1,14,1
p1,E12K4_P1r3,3,P1,E12K4,ExtractBlank,E12K4_P1r3,23,1
p1,E12K4_P1r4,4,P1,E12K4,ExtractBlank,E12K4_P1r4,4,1
p1,E13K5_P1r1,1,P1,E13K5,ExtractBlank,E13K5_P1r1,46,4
p1,E13K5_P1r3,3,P1,E13K5,ExtractBlank,E13K5_P1r3,579,2
p1,E13K5_P1r4,4,P1,E13K5,ExtractBlank,E13K5_P1r4,7,1
p1,E14K6_P1r1,1,P1,E14K6,ExtractBlank,E14K6_P1r1,156,3
p1,E14K6_P1r3,3,P1,E14K6,ExtractBlank,E14K6_P1r3,53,2
p1,E14K6_P1r4,4,P1,E14K6,ExtractBlank,E14K6_P1r4,18,1
p1,E15K7_P1r1,1,P1,E15K7,ExtractBlank,E15K7_P1r1,10,1
p1,E15K7_P1r3,3,P1,E15K7,ExtractBlank,E15K7_P1r3,0,0
p1,E15K7_P1r4,4,P1,E15K7,ExtractBlank,E15K7_P1r4,125,1
p1,E16K8_P1r1,1,P1,E16K8,ExtractBlank,E16K8_P1r1,0,0
p1,E16K8_P1r3,3,P1,E16K8,ExtractBlank,E16K8_P1r3,5,1
p1,E16K8_P1r4,4,P1,E16K8,ExtractBlank,E16K8_P1r4,1,1
p1,E1K1_P1r1,1,P1,E1K1,ExtractBlank,E1K1_P1r1,7,1
p1,E1K1_P1r3,3,P1,E1K1,ExtractBlank,E1K1_P1r3,0,0
p1,E1K1_P1r4,4,P1,E1K1,ExtractBlank,E1K1_P1r4,0,0
p1,E2K2_P1r1,1,P1,E2K2,ExtractBlank,E2K2_P1r1,0,0
p1,E2K2_P1r4,4,P1,E2K2,ExtractBlank,E2K2_P1r4,0,0
p1,E3K3_P1r1,1,P1,E3K3,ExtractBlank,E3K3_P1r1,0,0
p1,E3K3_P1r3,3,P1,E3K3,ExtractBlank,E3K3_P1r3,0,0
p1,E3K3_P1r4,4,P1,E3K3,ExtractBlank,E3K3_P1r4,1,1
p1,E4K4_P1r1,1,P1,E4K4,ExtractBlank,E4K4_P1r1,3,1
p1,E4K4_P1r3,3,P1,E4K4,ExtractBlank,E4K4_P1r3,4,1
p1,E4K4_P1r4,4,P1,E4K4,ExtractBlank,E4K4_P1r4,0,0
p1,E5K5_P1r1,1,P1,E5K5,ExtractBlank,E5K5_P1r1,1,1
p1,E5K5_P1r4,4,P1,E5K5,ExtractBlank,E5K5_P1r4,1,1
p1,E6K6_P1r1,1,P1,E6K6,ExtractBlank,E6K6_P1r1,3,1
p1,E6K6_P1r4,4,P1,E6K6,ExtractBlank,E6K6_P1r4,0,0
p1,E7K7_P1r1,1,P1,E7K7,ExtractBlank,E7K7_P1r1,17,1
p1,E7K7_P1r3,3,P1,E7K7,ExtractBlank,E7K7_P1r3,1,1
p1,E7K7_P1r4,4,P1,E7K7,ExtractBlank,E7K7_P1r4,0,0
p1,E8K8_P1r1,1,P1,E8K8,ExtractBlank,E8K8_P1r1,1,1
p1,E8K8_P1r3,3,P1,E8K8,ExtractBlank,E8K8_P1r3,1,1
p1,E8K8_P1r4,4,P1,E8K8,ExtractBlank,E8K8_P1r4,1,1
p1,E9K1_P1r1,1,P1,E9K1,ExtractBlank,E9K1_P1r1,18,2
p1,E9K1_P1r3,3,P1,E9K1,ExtractBlank,E9K1_P1r3,4,1
p1,E9K1_P1r4,4,P1,E9K1,ExtractBlank,E9K1_P1r4,56,2
p1,N1_P1r1,1,P1,N1,NTC,N1_P1r1,18,1
p1,N1_P1r3,3,P1,N1,NTC,N1_P1r3,17,2
p1,N1_P1r4,4,P1,N1,NTC,N1_P1r4,6,1
p1,N2_P1r1,1,P1,N2,NTC,N2_P1r1,0,0
p1,N2_P1r3,3,P1,N2,NTC,N2_P1r3,15,1
p1,N2_P1r4,4,P1,N2,NTC,N2_P1r4,4,1
p1,N3_P1r1,1,P1,N3,NTC,N3_P1r1,11,2
p1,N3_P1r3,3,P1,N3,NTC,N3_P1r3,0,0
p1,N3_P1r4,4,P1,N3,NTC,N3_P1r4,742,4
p1,N4_P1r1,1,P1,N4,NTC,N4_P1r1,6,1
p1,N4_P1r3,3,P1,N4,NTC,N4_P1r3,0,0
p1,N4_P1r4,4,P1,N4,NTC,N4_P1r4,187,1
p1,P1100_P1r1,1,P1,P1100,Positive,P1100_P1r1,101758,6
p1,P1100_P1r3,3,P1,P1100,Positive,P1100_P1r3,100628,7
p1,P1100_P1r4,4,P1,P1100,Positive,P1100_P1r4,172999,9
p1,P2100_P1r1,1,P1,P2100,Positive,P2100_P1r1,93965,8
p1,P2100_P1r3,3,P1,P2100,Positive,P2100_P1r3,36444,5
p1,P2100_P1r4,4,P1,P2100,Positive,P2100_P1r4,55692,6
p1,P31000_P1r1,1,P1,P31000,Positive,P31000_P1r1,300202,18
p1,P31000_P1r3,3,P1,P31000,Positive,P31000_P1r3,375701,18
p1,P31000_P1r4,4,P1,P31000,Positive,P31000_P1r4,253938,13
p1,P41000_P1r1,1,P1,P41000,Positive,P41000_P1r1,232525,14
p1,P41000_P1r3,3,P1,P41000,Positive,P41000_P1r3,232894,17
p1,P41000_P1r4,4,P1,P41000,Positive,P41000_P1r4,234483,15
p1,C10_P1r1,1,P1,C10,Sample,C10_P1r1,50368,19
p1,C10_P1r3,3,P1,C10,Sample,C10_P1r3,11737,17
p1,C10_P1r4,4,P1,C10,Sample,C10_P1r4,11012,15
p1,C12_P1r1,1,P1,C12,Sample,C12_P1r1,83002,11
p1,C12_P1r3,3,P1,C12,Sample,C12_P1r3,10921,10
p1,C12_P1r4,4,P1,C12,Sample,C12_P1r4,9222,7
p1,C121_P1r1,1,P1,C121,Sample,C121_P1r1,128645,12
p1,C121_P1r3,3,P1,C121,Sample,C121_P1r3,42712,14
p1,C121_P1r4,4,P1,C121,Sample,C121_P1r4,18212,10
p1,C122150_P1r1,1,P1,C122150,Sample,C122150_P1r1,31278,5
p1,C122150_P1r3,3,P1,C122150,Sample,C122150_P1r3,29030,9
p1,C122150_P1r4,4,P1,C122150,Sample,C122150_P1r4,27968,6
p1,C123_P1r1,1,P1,C123,Sample,C123_P1r1,153156,12
p1,C123_P1r3,3,P1,C123,Sample,C123_P1r3,102395,13
p1,C123_P1r4,4,P1,C123,Sample,C123_P1r4,108675,10
p1,C123150_P1r1,1,P1,C123150,Sample,C123150_P1r1,159804,15
p1,C123150_P1r3,3,P1,C123150,Sample,C123150_P1r3,324879,16
p1,C123150_P1r4,4,P1,C123150,Sample,C123150_P1r4,272283,14
p1,C15_P1r1,1,P1,C15,Sample,C15_P1r1,101165,26
p1,C15_P1r3,3,P1,C15,Sample,C15_P1r3,78243,20
p1,C15_P1r4,4,P1,C15,Sample,C15_P1r4,44805,19
p1,C16_P1r1,1,P1,C16,Sample,C16_P1r1,13238,12
p1,C16_P1r3,3,P1,C16,Sample,C16_P1r3,10484,15
p1,C16_P1r4,4,P1,C16,Sample,C16_P1r4,9424,14
p1,C16150_P1r1,1,P1,C16150,Sample,C16150_P1r1,30862,13
p1,C16150_P1r3,3,P1,C16150,Sample,C16150_P1r3,27767,14
p1,C16150_P1r4,4,P1,C16150,Sample,C16150_P1r4,44118,15
p1,C17150_P1r1,1,P1,C17150,Sample,C17150_P1r1,6254,9
p1,C17150_P1r3,3,P1,C17150,Sample,C17150_P1r3,9012,10
p1,C17150_P1r4,4,P1,C17150,Sample,C17150_P1r4,8864,11
p1,C18_P1r1,1,P1,C18,Sample,C18_P1r1,56033,14
p1,C18_P1r3,3,P1,C18,Sample,C18_P1r3,29988,11
p1,C18_P1r4,4,P1,C18,Sample,C18_P1r4,34550,8
p1,C181_P1r1,1,P1,C181,Sample,C181_P1r1,42516,12
p1,C181_P1r3,3,P1,C181,Sample,C181_P1r3,18183,12
p1,C181_P1r4,4,P1,C181,Sample,C181_P1r4,17967,11
p1,C18150_P1r1,1,P1,C18150,Sample,C18150_P1r1,12769,11
p1,C18150_P1r3,3,P1,C18150,Sample,C18150_P1r3,12296,13
p1,C18150_P1r4,4,P1,C18150,Sample,C18150_P1r4,19773,13
p1,C182_P1r1,1,P1,C182,Sample,C182_P1r1,169769,13
p1,C182_P1r3,3,P1,C182,Sample,C182_P1r3,81406,14
p1,C182_P1r4,4,P1,C182,Sample,C182_P1r4,73323,9
p1,C183_P1r1,1,P1,C183,Sample,C183_P1r1,4154,4
p1,C183_P1r3,3,P1,C183,Sample,C183_P1r3,1789,4
p1,C183_P1r4,4,P1,C183,Sample,C183_P1r4,1750,3
p1,C2_P1r1,1,P1,C2,Sample,C2_P1r1,33515,17
p1,C2_P1r3,3,P1,C2,Sample,C2_P1r3,6547,9
p1,C2_P1r4,4,P1,C2,Sample,C2_P1r4,6256,15
p1,C20_P1r1,1,P1,C20,Sample,C20_P1r1,32401,20
p1,C20_P1r3,3,P1,C20,Sample,C20_P1r3,8825,20
p1,C20_P1r4,4,P1,C20,Sample,C20_P1r4,13262,18
p1,C22_P1r1,1,P1,C22,Sample,C22_P1r1,8324,10
p1,C22_P1r3,3,P1,C22,Sample,C22_P1r3,1286,8
p1,C22_P1r4,4,P1,C22,Sample,C22_P1r4,2503,8
p1,C25_P1r1,1,P1,C25,Sample,C25_P1r1,227745,32
p1,C25_P1r3,3,P1,C25,Sample,C25_P1r3,69440,26
p1,C25_P1r4,4,P1,C25,Sample,C25_P1r4,84121,22
p1,C27150_P1r1,1,P1,C27150,Sample,C27150_P1r1,34815,17
p1,C27150_P1r3,3,P1,C27150,Sample,C27150_P1r3,33948,20
p1,C27150_P1r4,4,P1,C27150,Sample,C27150_P1r4,37584,18
p1,C3_P1r1,1,P1,C3,Sample,C3_P1r1,17957,19
p1,C3_P1r3,3,P1,C3,Sample,C3_P1r3,2354,16
p1,C3_P1r4,4,P1,C3,Sample,C3_P1r4,2236,16
p1,C30_P1r1,1,P1,C30,Sample,C30_P1r1,173052,23
p1,C30_P1r3,3,P1,C30,Sample,C30_P1r3,149267,21
p1,C30_P1r4,4,P1,C30,Sample,C30_P1r4,86508,21
p1,C32_P1r1,1,P1,C32,Sample,C32_P1r1,52607,27
p1,C32_P1r3,3,P1,C32,Sample,C32_P1r3,13904,20
p1,C32_P1r4,4,P1,C32,Sample,C32_P1r4,11068,21
p1,C34_P1r1,1,P1,C34,Sample,C34_P1r1,17777,7
p1,C34_P1r3,3,P1,C34,Sample,C34_P1r3,2701,7
p1,C34_P1r4,4,P1,C34,Sample,C34_P1r4,2688,6
p1,C34150_P1r1,1,P1,C34150,Sample,C34150_P1r1,7878,8
p1,C34150_P1r3,3,P1,C34150,Sample,C34150_P1r3,8137,9
p1,C34150_P1r4,4,P1,C34150,Sample,C34150_P1r4,12874,8
p1,C35_P1r1,1,P1,C35,Sample,C35_P1r1,11643,13
p1,C35_P1r3,3,P1,C35,Sample,C35_P1r3,3750,9
p1,C35_P1r4,4,P1,C35,Sample,C35_P1r4,4580,9
p1,C36_P1r1,1,P1,C36,Sample,C36_P1r1,22345,7
p1,C36_P1r3,3,P1,C36,Sample,C36_P1r3,7425,9
p1,C36_P1r4,4,P1,C36,Sample,C36_P1r4,5827,6
p1,C37_P1r1,1,P1,C37,Sample,C37_P1r1,16974,9
p1,C37_P1r3,3,P1,C37,Sample,C37_P1r3,15060,10
p1,C37_P1r4,4,P1,C37,Sample,C37_P1r4,6316,7
p1,C39_P1r1,1,P1,C39,Sample,C39_P1r1,43109,15
p1,C39_P1r3,3,P1,C39,Sample,C39_P1r3,19146,10
p1,C39_P1r4,4,P1,C39,Sample,C39_P1r4,14000,10
p1,C40_P1r1,1,P1,C40,Sample,C40_P1r1,23908,18
p1,C40_P1r3,3,P1,C40,Sample,C40_P1r3,5048,11
p1,C40_P1r4,4,P1,C40,Sample,C40_P1r4,4067,12
p1,C5_P1r1,1,P1,C5,Sample,C5_P1r1,222615,28
p1,C5_P1r3,3,P1,C5,Sample,C5_P1r3,95297,26
p1,C5_P1r4,4,P1,C5,Sample,C5_P1r4,54689,22
p1,C6_P1r1,1,P1,C6,Sample,C6_P1r1,51313,7
p1,C6_P1r3,3,P1,C6,Sample,C6_P1r3,138733,16
p1,C6_P1r4,4,P1,C6,Sample,C6_P1r4,205614,10
p1,C7_P1r1,1,P1,C7,Sample,C7_P1r1,167690,15
p1,C7_P1r3,3,P1,C7,Sample,C7_P1r3,125809,12
p1,C7_P1r4,4,P1,C7,Sample,C7_P1r4,98957,12
p1,C81150_P1r1,1,P1,C81150,Sample,C81150_P1r1,9498,5
p1,C81150_P1r3,3,P1,C81150,Sample,C81150_P1r3,5921,7
p1,C81150_P1r4,4,P1,C81150,Sample,C81150_P1r4,14453,7
p1,C82_P1r1,1,P1,C82,Sample,C82_P1r1,16093,15
p1,C82_P1r3,3,P1,C82,Sample,C82_P1r3,4470,10
p1,C82_P1r4,4,P1,C82,Sample,C82_P1r4,5626,11
p1,C83_P1r1,1,P1,C83,Sample,C83_P1r1,10073,13
p1,C83_P1r3,3,P1,C83,Sample,C83_P1r3,3199,11
p1,C83_P1r4,4,P1,C83,Sample,C83_P1r4,2105,8
p1,C83150_P1r1,1,P1,C83150,Sample,C83150_P1r1,59779,15
p1,C83150_P1r3,3,P1,C83150,Sample,C83150_P1r3,42876,16
p1,C83150_P1r4,4,P1,C83150,Sample,C83150_P1r4,64349,16
p1,G2_P1r1,1,P1,G2,Sample,G2_P1r1,57004,13
p1,G2_P1r3,3,P1,G2,Sample,G2_P1r3,19236,10
p1,G2_P1r4,4,P1,G2,Sample,G2_P1r4,16498,7
p1,G4_P1r1,1,P1,G4,Sample,G4_P1r1,128371,16
p1,G4_P1r3,3,P1,G4,Sample,G4_P1r3,152850,9
p1,G4_P1r4,4,P1,G4,Sample,G4_P1r4,53213,19
p1,G54_P1r1,1,P1,G54,Sample,G54_P1r1,33786,9
p1,G54_P1r3,3,P1,G54,Sample,G54_P1r3,4751,7
p1,G54_P1r4,4,P1,G54,Sample,G54_P1r4,5023,7
p1,G8_P1r1,1,P1,G8,Sample,G8_P1r1,314154,22
p1,G8_P1r3,3,P1,G8,Sample,G8_P1r3,273556,22
p1,G8_P1r4,4,P1,G8,Sample,G8_P1r4,285332,20
p1,G9_P1r1,1,P1,G9,Sample,G9_P1r1,265163,16
p1,G9_P1r3,3,P1,G9,Sample,G9_P1r3,78718,14
p1,G9_P1r4,4,P1,G9,Sample,G9_P1r4,68126,9
p1,ID1P1_P1r1,1,P1,ID1P1,Sample,ID1P1_P1r1,18170,14
p1,ID1P1_P1r3,3,P1,ID1P1,Sample,ID1P1_P1r3,17041,14
p1,ID1P1_P1r4,4,P1,ID1P1,Sample,ID1P1_P1r4,13469,10
p1,ID1P3_P1r1,1,P1,ID1P3,Sample,ID1P3_P1r1,21552,9
p1,ID1P3_P1r3,3,P1,ID1P3,Sample,ID1P3_P1r3,10414,10
p1,ID1P3_P1r4,4,P1,ID1P3,Sample,ID1P3_P1r4,40015,12
p1,ID1P5_P1r1,1,P1,ID1P5,Sample,ID1P5_P1r1,17266,13
p1,ID1P5_P1r3,3,P1,ID1P5,Sample,ID1P5_P1r3,7880,11
p1,ID1P5_P1r4,4,P1,ID1P5,Sample,ID1P5_P1r4,10994,10
p1,ID1P5150_P1r1,1,P1,ID1P5150,Sample,ID1P5150_P1r1,8758,29
p1,ID1P5150_P1r3,3,P1,ID1P5150,Sample,ID1P5150_P1r3,22378,25
p1,ID1P5150_P1r4,4,P1,ID1P5150,Sample,ID1P5150_P1r4,20158,24
p1,IeS1A1_P1r1,1,P1,IeS1A1,Sample,IeS1A1_P1r1,37817,18
p1,IeS1A1_P1r3,3,P1,IeS1A1,Sample,IeS1A1_P1r3,3996,11
p1,IeS1A1_P1r4,4,P1,IeS1A1,Sample,IeS1A1_P1r4,5089,15
p1,IeS1A3_P1r1,1,P1,IeS1A3,Sample,IeS1A3_P1r1,12837,12
p1,IeS1A3_P1r3,3,P1,IeS1A3,Sample,IeS1A3_P1r3,1350,8
p1,IeS1A3_P1r4,4,P1,IeS1A3,Sample,IeS1A3_P1r4,1485,10
p1,IeS1A3150_P1r1,1,P1,IeS1A3150,Sample,IeS1A3150_P1r1,21410,20
p1,IeS1A3150_P1r3,3,P1,IeS1A3150,Sample,IeS1A3150_P1r3,149051,21
p1,IeS1A3150_P1r4,4,P1,IeS1A3150,Sample,IeS1A3150_P1r4,59028,21
p1,IeS1I1_P1r1,1,P1,IeS1I1,Sample,IeS1I1_P1r1,20733,19
p1,IeS1I1_P1r3,3,P1,IeS1I1,Sample,IeS1I1_P1r3,3097,12
p1,IeS1I1_P1r4,4,P1,IeS1I1,Sample,IeS1I1_P1r4,3535,12
p1,IeS1I2_P1r1,1,P1,IeS1I2,Sample,IeS1I2_P1r1,31212,21
p1,IeS1I2_P1r3,3,P1,IeS1I2,Sample,IeS1I2_P1r3,3447,14
p1,IeS1I2_P1r4,4,P1,IeS1I2,Sample,IeS1I2_P1r4,4516,16
p1,IeS1I3_P1r1,1,P1,IeS1I3,Sample,IeS1I3_P1r1,13804,19
p1,IeS1I3_P1r3,3,P1,IeS1I3,Sample,IeS1I3_P1r3,9951,17
p1,IeS1I3_P1r4,4,P1,IeS1I3,Sample,IeS1I3_P1r4,5034,14
p1,IeS2A1_P1r1,1,P1,IeS2A1,Sample,IeS2A1_P1r1,8696,6
p1,IeS2A1_P1r3,3,P1,IeS2A1,Sample,IeS2A1_P1r3,6601,9
p1,IeS2A1_P1r4,4,P1,IeS2A1,Sample,IeS2A1_P1r4,2623,5
p1,IeS2A1150_P1r1,1,P1,IeS2A1150,Sample,IeS2A1150_P1r1,970,4
p1,IeS2A1150_P1r3,3,P1,IeS2A1150,Sample,IeS2A1150_P1r3,17612,16
p1,IeS2A1150_P1r4,4,P1,IeS2A1150,Sample,IeS2A1150_P1r4,53010,12
p1,IeS2A2_P1r1,1,P1,IeS2A2,Sample,IeS2A2_P1r1,4993,5
p1,IeS2A2_P1r3,3,P1,IeS2A2,Sample,IeS2A2_P1r3,4675,6
p1,IeS2A2_P1r4,4,P1,IeS2A2,Sample,IeS2A2_P1r4,2390,2
p1,IeS2A2150_P1r1,1,P1,IeS2A2150,Sample,IeS2A2150_P1r1,15229,10
p1,IeS2A2150_P1r3,3,P1,IeS2A2150,Sample,IeS2A2150_P1r3,13312,11
p1,IeS2A2150_P1r4,4,P1,IeS2A2150,Sample,IeS2A2150_P1r4,21061,11
p1,IeS2A3150_P1r1,1,P1,IeS2A3150,Sample,IeS2A3150_P1r1,24961,8
p1,IeS2A3150_P1r3,3,P1,IeS2A3150,Sample,IeS2A3150_P1r3,17901,9
p1,IeS2A3150_P1r4,4,P1,IeS2A3150,Sample,IeS2A3150_P1r4,35948,11
p1,IeS2I3_P1r1,1,P1,IeS2I3,Sample,IeS2I3_P1r1,7612,6
p1,IeS2I3_P1r3,3,P1,IeS2I3,Sample,IeS2I3_P1r3,2870,7
p1,IeS2I3_P1r4,4,P1,IeS2I3,Sample,IeS2I3_P1r4,1215,3
p1,IeS2S1_P1r1,1,P1,IeS2S1,Sample,IeS2S1_P1r1,20125,9
p1,IeS2S1_P1r3,3,P1,IeS2S1,Sample,IeS2S1_P1r3,15578,10
p1,IeS2S1_P1r4,4,P1,IeS2S1,Sample,IeS2S1_P1r4,8832,6
p1,IeS2S2150_P1r1,1,P1,IeS2S2150,Sample,IeS2S2150_P1r1,5574,7
p1,IeS2S2150_P1r3,3,P1,IeS2S2150,Sample,IeS2S2150_P1r3,6978,9
p1,IeS2S2150_P1r4,4,P1,IeS2S2150,Sample,IeS2S2150_P1r4,12210,7
p1,B01_P1r1,1,P1,B01,Tagcatch,B01_P1r1,0,0
p1,B01_P1r3,3,P1,B01,Tagcatch,B01_P1r3,0,0
p1,B01_P1r4,4,P1,B01,Tagcatch,B01_P1r4,2,1
p1,B02_P1r1,1,P1,B02,Tagcatch,B02_P1r1,0,0
p1,B03_P1r1,1,P1,B03,Tagcatch,B03_P1r1,0,0
p1,B03_P1r3,3,P1,B03,Tagcatch,B03_P1r3,2,1
p1,B04_P1r1,1,P1,B04,Tagcatch,B04_P1r1,1,1
p1,B04_P1r3,3,P1,B04,Tagcatch,B04_P1r3,1,1
p1,B04_P1r4,4,P1,B04,Tagcatch,B04_P1r4,0,0
p1,B05_P1r1,1,P1,B05,Tagcatch,B05_P1r1,1,1
p1,B06_P1r1,1,P1,B06,Tagcatch,B06_P1r1,2,1
p1,B06_P1r3,3,P1,B06,Tagcatch,B06_P1r3,1,1
p1,B07_P1r1,1,P1,B07,Tagcatch,B07_P1r1,3,1
p1,B07_P1r3,3,P1,B07,Tagcatch,B07_P1r3,3,1
p1,B07_P1r4,4,P1,B07,Tagcatch,B07_P1r4,0,0
p1,B08_P1r1,1,P1,B08,Tagcatch,B08_P1r1,193,4
p1,B08_P1r3,3,P1,B08,Tagcatch,B08_P1r3,152,4
p1,B08_P1r4,4,P1,B08,Tagcatch,B08_P1r4,181,4
p1,B09_P1r1,1,P1,B09,Tagcatch,B09_P1r1,0,0
p1,B09_P1r3,3,P1,B09,Tagcatch,B09_P1r3,0,0
p1,B10_P1r1,1,P1,B10,Tagcatch,B10_P1r1,44,2
p1,B10_P1r3,3,P1,B10,Tagcatch,B10_P1r3,17,1
p1,B10_P1r4,4,P1,B10,Tagcatch,B10_P1r4,29,1
p1,B11_P1r1,1,P1,B11,Tagcatch,B11_P1r1,45,4
p1,B11_P1r3,3,P1,B11,Tagcatch,B11_P1r3,17,1
p1,B11_P1r4,4,P1,B11,Tagcatch,B11_P1r4,5,1
p1,B12_P1r1,1,P1,B12,Tagcatch,B12_P1r1,1,1
p1,B12_P1r3,3,P1,B12,Tagcatch,B12_P1r3,3,1
p1,B12_P1r4,4,P1,B12,Tagcatch,B12_P1r4,1,1
p2,E17K1_P2r1,1,P2,E17K1,ExtractBlank,E17K1_P2r1,1,1
p2,E17K1_P2r2,2,P2,E17K1,ExtractBlank,E17K1_P2r2,7,1
p2,E17K1_P2r3,3,P2,E17K1,ExtractBlank,E17K1_P2r3,1,1
p2,E18K2_P2r1,1,P2,E18K2,ExtractBlank,E18K2_P2r1,2,1
p2,E18K2_P2r2,2,P2,E18K2,ExtractBlank,E18K2_P2r2,9,1
p2,E18K2_P2r3,3,P2,E18K2,ExtractBlank,E18K2_P2r3,0,0
p2,E19K3_P2r1,1,P2,E19K3,ExtractBlank,E19K3_P2r1,1,1
p2,E19K3_P2r2,2,P2,E19K3,ExtractBlank,E19K3_P2r2,1,1
p2,E19K3_P2r3,3,P2,E19K3,ExtractBlank,E19K3_P2r3,0,0
p2,E20K4_P2r1,1,P2,E20K4,ExtractBlank,E20K4_P2r1,99,4
p2,E20K4_P2r2,2,P2,E20K4,ExtractBlank,E20K4_P2r2,87,3
p2,E20K4_P2r3,3,P2,E20K4,ExtractBlank,E20K4_P2r3,132,4
p2,E21K5_P2r1,1,P2,E21K5,ExtractBlank,E21K5_P2r1,5,1
p2,E21K5_P2r2,2,P2,E21K5,ExtractBlank,E21K5_P2r2,1,1
p2,E21K5_P2r3,3,P2,E21K5,ExtractBlank,E21K5_P2r3,6,1
p2,E22K6_P2r1,1,P2,E22K6,ExtractBlank,E22K6_P2r1,3,1
p2,E22K6_P2r2,2,P2,E22K6,ExtractBlank,E22K6_P2r2,0,0
p2,E22K6_P2r3,3,P2,E22K6,ExtractBlank,E22K6_P2r3,0,0
p2,E23K7_P2r1,1,P2,E23K7,ExtractBlank,E23K7_P2r1,12,1
p2,E23K7_P2r2,2,P2,E23K7,ExtractBlank,E23K7_P2r2,14,1
p2,E23K7_P2r3,3,P2,E23K7,ExtractBlank,E23K7_P2r3,0,0
p2,E24K8_P2r1,1,P2,E24K8,ExtractBlank,E24K8_P2r1,0,0
p2,E24K8_P2r2,2,P2,E24K8,ExtractBlank,E24K8_P2r2,3,1
p2,E24K8_P2r3,3,P2,E24K8,ExtractBlank,E24K8_P2r3,0,0
p2,E25K1_P2r1,1,P2,E25K1,ExtractBlank,E25K1_P2r1,297,3
p2,E25K1_P2r2,2,P2,E25K1,ExtractBlank,E25K1_P2r2,49,5
p2,E25K1_P2r3,3,P2,E25K1,ExtractBlank,E25K1_P2r3,53,4
p2,E26K2_P2r1,1,P2,E26K2,ExtractBlank,E26K2_P2r1,65,3
p2,E26K2_P2r2,2,P2,E26K2,ExtractBlank,E26K2_P2r2,94,2
p2,E26K2_P2r3,3,P2,E26K2,ExtractBlank,E26K2_P2r3,118,3
p2,E27K3_P2r1,1,P2,E27K3,ExtractBlank,E27K3_P2r1,0,0
p2,E27K3_P2r2,2,P2,E27K3,ExtractBlank,E27K3_P2r2,64,2
p2,E27K3_P2r3,3,P2,E27K3,ExtractBlank,E27K3_P2r3,119,2
p2,E28K4_P2r1,1,P2,E28K4,ExtractBlank,E28K4_P2r1,1,1
p2,E28K4_P2r2,2,P2,E28K4,ExtractBlank,E28K4_P2r2,5,1
p2,E28K4_P2r3,3,P2,E28K4,ExtractBlank,E28K4_P2r3,1,1
p2,E29K5_P2r1,1,P2,E29K5,ExtractBlank,E29K5_P2r1,0,0
p2,E29K5_P2r2,2,P2,E29K5,ExtractBlank,E29K5_P2r2,0,0
p2,E29K5_P2r3,3,P2,E29K5,ExtractBlank,E29K5_P2r3,0,0
p2,E30K6_P2r1,1,P2,E30K6,ExtractBlank,E30K6_P2r1,3,1
p2,E30K6_P2r2,2,P2,E30K6,ExtractBlank,E30K6_P2r2,1,1
p2,E31K7_P2r1,1,P2,E31K7,ExtractBlank,E31K7_P2r1,94,1
p2,E31K7_P2r2,2,P2,E31K7,ExtractBlank,E31K7_P2r2,1,1
p2,E31K7_P2r3,3,P2,E31K7,ExtractBlank,E31K7_P2r3,31,1
p2,E32K8_P2r1,1,P2,E32K8,ExtractBlank,E32K8_P2r1,1,1
p2,E32K8_P2r2,2,P2,E32K8,ExtractBlank,E32K8_P2r2,2,1
p2,E33K1_P2r1,1,P2,E33K1,ExtractBlank,E33K1_P2r1,29,2
p2,E33K1_P2r2,2,P2,E33K1,ExtractBlank,E33K1_P2r2,20,2
p2,E33K1_P2r3,3,P2,E33K1,ExtractBlank,E33K1_P2r3,1104,3
p2,E34K2_P2r1,1,P2,E34K2,ExtractBlank,E34K2_P2r1,4,1
p2,E34K2_P2r2,2,P2,E34K2,ExtractBlank,E34K2_P2r2,8,2
p2,E34K2_P2r3,3,P2,E34K2,ExtractBlank,E34K2_P2r3,26,2
p2,E35K3_P2r1,1,P2,E35K3,ExtractBlank,E35K3_P2r1,24,2
p2,E35K3_P2r2,2,P2,E35K3,ExtractBlank,E35K3_P2r2,34,2
p2,E35K3_P2r3,3,P2,E35K3,ExtractBlank,E35K3_P2r3,33,2
p2,E36K4_P2r1,1,P2,E36K4,ExtractBlank,E36K4_P2r1,7,1
p2,E36K4_P2r2,2,P2,E36K4,ExtractBlank,E36K4_P2r2,23,2
p2,E36K4_P2r3,3,P2,E36K4,ExtractBlank,E36K4_P2r3,34,2
p2,E37K5_P2r2,2,P2,E37K5,ExtractBlank,E37K5_P2r2,0,0
p2,E37K5_P2r3,3,P2,E37K5,ExtractBlank,E37K5_P2r3,0,0
p2,E38K6_P2r1,1,P2,E38K6,ExtractBlank,E38K6_P2r1,0,0
p2,E38K6_P2r2,2,P2,E38K6,ExtractBlank,E38K6_P2r2,0,0
p2,E38K6_P2r3,3,P2,E38K6,ExtractBlank,E38K6_P2r3,0,0
p2,E39K7_P2r1,1,P2,E39K7,ExtractBlank,E39K7_P2r1,1,1
p2,E39K7_P2r3,3,P2,E39K7,ExtractBlank,E39K7_P2r3,0,0
p2,E40K8_P2r1,1,P2,E40K8,ExtractBlank,E40K8_P2r1,35,1
p2,E40K8_P2r2,2,P2,E40K8,ExtractBlank,E40K8_P2r2,398,1
p2,E40K8_P2r3,3,P2,E40K8,ExtractBlank,E40K8_P2r3,9,1
p2,N5_P2r1,1,P2,N5,NTC,N5_P2r1,6,1
p2,N5_P2r3,3,P2,N5,NTC,N5_P2r3,0,0
p2,N6_P2r2,2,P2,N6,NTC,N6_P2r2,7,1
p2,N6_P2r3,3,P2,N6,NTC,N6_P2r3,12,1
p2,N7_P2r1,1,P2,N7,NTC,N7_P2r1,225,1
p2,N7_P2r3,3,P2,N7,NTC,N7_P2r3,32,1
p2,N8_P2r1,1,P2,N8,NTC,N8_P2r1,0,0
p2,N8_P2r2,2,P2,N8,NTC,N8_P2r2,1,1
p2,N8_P2r3,3,P2,N8,NTC,N8_P2r3,1,1
p2,N9_P2r2,2,P2,N9,NTC,N9_P2r2,908,1
p2,N9_P2r3,3,P2,N9,NTC,N9_P2r3,1,1
p2,P1010000_P2r1,1,P2,P1010000,Positive,P1010000_P2r1,64280,9
p2,P1010000_P2r2,2,P2,P1010000,Positive,P1010000_P2r2,63314,8
p2,P1010000_P2r3,3,P2,P1010000,Positive,P1010000_P2r3,65044,12
p2,P5100_P2r1,1,P2,P5100,Positive,P5100_P2r1,996,4
p2,P5100_P2r2,2,P2,P5100,Positive,P5100_P2r2,177876,9
p2,P5100_P2r3,3,P2,P5100,Positive,P5100_P2r3,310133,27
p2,P6100_P2r1,1,P2,P6100,Positive,P6100_P2r1,108456,9
p2,P6100_P2r2,2,P2,P6100,Positive,P6100_P2r2,99126,8
p2,P6100_P2r3,3,P2,P6100,Positive,P6100_P2r3,143416,15
p2,P7110000_P2r1,1,P2,P7110000,Positive,P7110000_P2r1,47350,7
p2,P7110000_P2r2,2,P2,P7110000,Positive,P7110000_P2r2,45793,4
p2,P7110000_P2r3,3,P2,P7110000,Positive,P7110000_P2r3,50185,11
p2,P810000_P2r1,1,P2,P810000,Positive,P810000_P2r1,29052,5
p2,P810000_P2r2,2,P2,P810000,Positive,P810000_P2r2,22424,7
p2,P810000_P2r3,3,P2,P810000,Positive,P810000_P2r3,21960,9
p2,P910000_P2r1,1,P2,P910000,Positive,P910000_P2r1,76344,7
p2,P910000_P2r2,2,P2,P910000,Positive,P910000_P2r2,73752,8
p2,P910000_P2r3,3,P2,P910000,Positive,P910000_P2r3,70315,11
p2,C1_P2r1,1,P2,C1,Sample,C1_P2r1,42313,22
p2,C1_P2r2,2,P2,C1,Sample,C1_P2r2,21117,14
p2,C1_P2r3,3,P2,C1,Sample,C1_P2r3,37989,19
p2,C11_P2r1,1,P2,C11,Sample,C11_P2r1,113253,21
p2,C11_P2r2,2,P2,C11,Sample,C11_P2r2,129118,22
p2,C11_P2r3,3,P2,C11,Sample,C11_P2r3,114338,24
p2,C121150_P2r1,1,P2,C121150,Sample,C121150_P2r1,33238,11
p2,C121150_P2r2,2,P2,C121150,Sample,C121150_P2r2,29159,10
p2,C121150_P2r3,3,P2,C121150,Sample,C121150_P2r3,102863,13
p2,C122_P2r1,1,P2,C122,Sample,C122_P2r1,47659,11
p2,C122_P2r2,2,P2,C122,Sample,C122_P2r2,65030,10
p2,C122_P2r3,3,P2,C122,Sample,C122_P2r3,80611,10
p2,C13_P2r1,1,P2,C13,Sample,C13_P2r1,841,4
p2,C13_P2r2,2,P2,C13,Sample,C13_P2r2,57730,11
p2,C13_P2r3,3,P2,C13,Sample,C13_P2r3,76755,11
p2,C14_P2r1,1,P2,C14,Sample,C14_P2r1,205557,28
p2,C14_P2r2,2,P2,C14,Sample,C14_P2r2,179191,29
p2,C14_P2r3,3,P2,C14,Sample,C14_P2r3,266913,33
p2,C17_P2r1,1,P2,C17,Sample,C17_P2r1,64281,20
p2,C17_P2r2,2,P2,C17,Sample,C17_P2r2,48742,24
p2,C17_P2r3,3,P2,C17,Sample,C17_P2r3,96357,26
p2,C19_P2r1,1,P2,C19,Sample,C19_P2r1,86907,18
p2,C19_P2r2,2,P2,C19,Sample,C19_P2r2,72065,20
p2,C19_P2r3,3,P2,C19,Sample,C19_P2r3,148886,24
p2,C21_P2r1,1,P2,C21,Sample,C21_P2r1,27490,19
p2,C21_P2r2,2,P2,C21,Sample,C21_P2r2,23502,17
p2,C21_P2r3,3,P2,C21,Sample,C21_P2r3,20290,21
p2,C23_P2r1,1,P2,C23,Sample,C23_P2r1,36839,13
p2,C23_P2r2,2,P2,C23,Sample,C23_P2r2,33759,15
p2,C23_P2r3,3,P2,C23,Sample,C23_P2r3,95505,21
p2,C24_P2r1,1,P2,C24,Sample,C24_P2r1,6,1
p2,C24_P2r2,2,P2,C24,Sample,C24_P2r2,17,1
p2,C24_P2r3,3,P2,C24,Sample,C24_P2r3,1507,6
p2,C26_P2r1,1,P2,C26,Sample,C26_P2r1,21284,13
p2,C26_P2r2,2,P2,C26,Sample,C26_P2r2,13342,10
p2,C26_P2r3,3,P2,C26,Sample,C26_P2r3,27212,14
p2,C27_P2r1,1,P2,C27,Sample,C27_P2r1,222963,30
p2,C27_P2r2,2,P2,C27,Sample,C27_P2r2,79159,19
p2,C27_P2r3,3,P2,C27,Sample,C27_P2r3,279150,31
p2,C28_P2r1,1,P2,C28,Sample,C28_P2r1,97025,24
p2,C28_P2r2,2,P2,C28,Sample,C28_P2r2,89612,26
p2,C28_P2r3,3,P2,C28,Sample,C28_P2r3,190602,28
p2,C29_P2r1,1,P2,C29,Sample,C29_P2r1,13904,9
p2,C29_P2r2,2,P2,C29,Sample,C29_P2r2,8863,7
p2,C29_P2r3,3,P2,C29,Sample,C29_P2r3,3887,8
p2,C31_P2r1,1,P2,C31,Sample,C31_P2r1,12401,3
p2,C31_P2r2,2,P2,C31,Sample,C31_P2r2,12442,6
p2,C31_P2r3,3,P2,C31,Sample,C31_P2r3,19492,5
p2,C33_P2r1,1,P2,C33,Sample,C33_P2r1,7066,5
p2,C33_P2r2,2,P2,C33,Sample,C33_P2r2,3499,5
p2,C33_P2r3,3,P2,C33,Sample,C33_P2r3,2058,5
p2,C38_P2r1,1,P2,C38,Sample,C38_P2r1,4773,6
p2,C38_P2r2,2,P2,C38,Sample,C38_P2r2,6436,7
p2,C38_P2r3,3,P2,C38,Sample,C38_P2r3,18888,7
p2,C4_P2r1,1,P2,C4,Sample,C4_P2r1,40144,13
p2,C4_P2r2,2,P2,C4,Sample,C4_P2r2,30001,12
p2,C4_P2r3,3,P2,C4,Sample,C4_P2r3,41703,14
p2,C8_P2r1,1,P2,C8,Sample,C8_P2r1,33700,15
p2,C8_P2r2,2,P2,C8,Sample,C8_P2r2,34975,19
p2,C8_P2r3,3,P2,C8,Sample,C8_P2r3,33880,18
p2,C81_P2r1,1,P2,C81,Sample,C81_P2r1,51449,12
p2,C81_P2r2,2,P2,C81,Sample,C81_P2r2,45515,12
p2,C81_P2r3,3,P2,C81,Sample,C81_P2r3,88349,16
p2,C9_P2r1,1,P2,C9,Sample,C9_P2r1,15143,10
p2,C9_P2r2,2,P2,C9,Sample,C9_P2r2,26174,15
p2,C9_P2r3,3,P2,C9,Sample,C9_P2r3,37648,18
p2,G1_P2r1,1,P2,G1,Sample,G1_P2r1,19416,15
p2,G1_P2r2,2,P2,G1,Sample,G1_P2r2,51227,20
p2,G1_P2r3,3,P2,G1,Sample,G1_P2r3,61317,17
p2,G3_P2r1,1,P2,G3,Sample,G3_P2r1,23777,10
p2,G3_P2r2,2,P2,G3,Sample,G3_P2r2,46347,12
p2,G3_P2r3,3,P2,G3,Sample,G3_P2r3,74880,17
p2,G5_P2r1,1,P2,G5,Sample,G5_P2r1,9581,18
p2,G5_P2r2,2,P2,G5,Sample,G5_P2r2,13250,17
p2,G5_P2r3,3,P2,G5,Sample,G5_P2r3,49435,26
p2,G51_P2r1,1,P2,G51,Sample,G51_P2r1,41686,14
p2,G51_P2r2,2,P2,G51,Sample,G51_P2r2,28484,20
p2,G51_P2r3,3,P2,G51,Sample,G51_P2r3,27836,13
p2,G52_P2r1,1,P2,G52,Sample,G52_P2r1,19218,11
p2,G52_P2r2,2,P2,G52,Sample,G52_P2r2,9203,8
p2,G52_P2r3,3,P2,G52,Sample,G52_P2r3,20245,9
p2,G6_P2r1,1,P2,G6,Sample,G6_P2r1,202868,17
p2,G6_P2r2,2,P2,G6,Sample,G6_P2r2,139968,14
p2,G6_P2r3,3,P2,G6,Sample,G6_P2r3,229783,18
p2,G7_P2r1,1,P2,G7,Sample,G7_P2r1,25759,7
p2,G7_P2r2,2,P2,G7,Sample,G7_P2r2,25057,7
p2,G7_P2r3,3,P2,G7,Sample,G7_P2r3,14012,6
p2,ID1m_P2r1,1,P2,ID1m,Sample,ID1m_P2r1,45473,22
p2,ID1m_P2r2,2,P2,ID1m,Sample,ID1m_P2r2,23081,17
p2,ID1m_P2r3,3,P2,ID1m,Sample,ID1m_P2r3,103459,27
p2,ID1P2_P2r1,1,P2,ID1P2,Sample,ID1P2_P2r1,23056,10
p2,ID1P2_P2r2,2,P2,ID1P2,Sample,ID1P2_P2r2,22305,9
p2,ID1P2_P2r3,3,P2,ID1P2,Sample,ID1P2_P2r3,116521,23
p2,ID1P4_P2r1,1,P2,ID1P4,Sample,ID1P4_P2r1,7229,6
p2,ID1P4_P2r2,2,P2,ID1P4,Sample,ID1P4_P2r2,1027,3
p2,ID1P4_P2r3,3,P2,ID1P4,Sample,ID1P4_P2r3,139124,9
p2,ID1P6_P2r1,1,P2,ID1P6,Sample,ID1P6_P2r1,23057,16
p2,ID1P6_P2r2,2,P2,ID1P6,Sample,ID1P6_P2r2,13917,13
p2,ID1P6_P2r3,3,P2,ID1P6,Sample,ID1P6_P2r3,84592,22
p2,IeS1A2_P2r1,1,P2,IeS1A2,Sample,IeS1A2_P2r1,85549,30
p2,IeS1A2_P2r2,2,P2,IeS1A2,Sample,IeS1A2_P2r2,78910,28
p2,IeS1A2_P2r3,3,P2,IeS1A2,Sample,IeS1A2_P2r3,118379,29
p2,IeS1S1_P2r1,1,P2,IeS1S1,Sample,IeS1S1_P2r1,33554,29
p2,IeS1S1_P2r2,2,P2,IeS1S1,Sample,IeS1S1_P2r2,26044,31
p2,IeS1S1_P2r3,3,P2,IeS1S1,Sample,IeS1S1_P2r3,58011,40
p2,IeS1S2_P2r1,1,P2,IeS1S2,Sample,IeS1S2_P2r1,68187,37
p2,IeS1S2_P2r2,2,P2,IeS1S2,Sample,IeS1S2_P2r2,32354,32
p2,IeS1S2_P2r3,3,P2,IeS1S2,Sample,IeS1S2_P2r3,97662,43
p2,IeS1S3_P2r1,1,P2,IeS1S3,Sample,IeS1S3_P2r1,54229,30
p2,IeS1S3_P2r2,2,P2,IeS1S3,Sample,IeS1S3_P2r2,44275,35
p2,IeS1S3_P2r3,3,P2,IeS1S3,Sample,IeS1S3_P2r3,98973,39
p2,IeS2A3_P2r1,1,P2,IeS2A3,Sample,IeS2A3_P2r1,79078,17
p2,IeS2A3_P2r2,2,P2,IeS2A3,Sample,IeS2A3_P2r2,37063,8
p2,IeS2A3_P2r3,3,P2,IeS2A3,Sample,IeS2A3_P2r3,78447,9
p2,IeS2A3150_P2r1,1,P2,IeS2A3150,Sample,IeS2A3150_P2r1,18462,11
p2,IeS2A3150_P2r2,2,P2,IeS2A3150,Sample,IeS2A3150_P2r2,9672,8
p2,IeS2A3150_P2r3,3,P2,IeS2A3150,Sample,IeS2A3150_P2r3,6028,9
p2,IeS2I1_P2r1,1,P2,IeS2I1,Sample,IeS2I1_P2r1,41365,21
p2,IeS2I1_P2r2,2,P2,IeS2I1,Sample,IeS2I1_P2r2,51411,21
p2,IeS2I1_P2r3,3,P2,IeS2I1,Sample,IeS2I1_P2r3,109277,28
p2,IeS2I2_P2r1,1,P2,IeS2I2,Sample,IeS2I2_P2r1,1266,5
p2,IeS2I2_P2r2,2,P2,IeS2I2,Sample,IeS2I2_P2r2,42165,17
p2,IeS2I2_P2r3,3,P2,IeS2I2,Sample,IeS2I2_P2r3,341618,30
p2,IeS2S2_P2r1,1,P2,IeS2S2,Sample,IeS2S2_P2r1,63782,14
p2,IeS2S2_P2r2,2,P2,IeS2S2,Sample,IeS2S2_P2r2,30914,12
p2,IeS2S2_P2r3,3,P2,IeS2S2,Sample,IeS2S2_P2r3,112910,15
p2,IeS2S3_P2r1,1,P2,IeS2S3,Sample,IeS2S3_P2r1,141499,20
p2,IeS2S3_P2r2,2,P2,IeS2S3,Sample,IeS2S3_P2r2,21887,13
p2,IeS2S3_P2r3,3,P2,IeS2S3,Sample,IeS2S3_P2r3,164370,24
p2,B13_P2r1,1,P2,B13,Tagcatch,B13_P2r1,4,1
p2,B13_P2r2,2,P2,B13,Tagcatch,B13_P2r2,2,1
p2,B13_P2r3,3,P2,B13,Tagcatch,B13_P2r3,0,0
p2,B14_P2r1,1,P2,B14,Tagcatch,B14_P2r1,17,1
p2,B14_P2r2,2,P2,B14,Tagcatch,B14_P2r2,0,0
p2,B14_P2r3,3,P2,B14,Tagcatch,B14_P2r3,15,1
p2,B15_P2r1,1,P2,B15,Tagcatch,B15_P2r1,2,1
p2,B15_P2r2,2,P2,B15,Tagcatch,B15_P2r2,2,1
p2,B15_P2r3,3,P2,B15,Tagcatch,B15_P2r3,1,1
p2,B16_P2r1,1,P2,B16,Tagcatch,B16_P2r1,3,1
p2,B16_P2r2,2,P2,B16,Tagcatch,B16_P2r2,1,1
p2,B16_P2r3,3,P2,B16,Tagcatch,B16_P2r3,6,1
p2,B17_P2r1,1,P2,B17,Tagcatch,B17_P2r1,0,0
p2,B17_P2r2,2,P2,B17,Tagcatch,B17_P2r2,0,0
p2,B17_P2r3,3,P2,B17,Tagcatch,B17_P2r3,0,0
p2,B18_P2r1,1,P2,B18,Tagcatch,B18_P2r1,0,0
p2,B18_P2r2,2,P2,B18,Tagcatch,B18_P2r2,0,0
p2,B18_P2r3,3,P2,B18,Tagcatch,B18_P2r3,10,1
p2,B19_P2r2,2,P2,B19,Tagcatch,B19_P2r2,0,0
p2,B19_P2r3,3,P2,B19,Tagcatch,B19_P2r3,3,1
p2,B20_P2r1,1,P2,B20,Tagcatch,B20_P2r1,49,4
p2,B20_P2r2,2,P2,B20,Tagcatch,B20_P2r2,33,3
p2,B20_P2r3,3,P2,B20,Tagcatch,B20_P2r3,47,1
p2,B22_P2r1,1,P2,B22,Tagcatch,B22_P2r1,23,3
p2,B22_P2r2,2,P2,B22,Tagcatch,B22_P2r2,21,3
p2,B22_P2r3,3,P2,B22,Tagcatch,B22_P2r3,32,3
p2,B23_P2r1,1,P2,B23,Tagcatch,B23_P2r1,75,5
p2,B23_P2r2,2,P2,B23,Tagcatch,B23_P2r2,70,5
p2,B23_P2r3,3,P2,B23,Tagcatch,B23_P2r3,61,5
p2,B24_P2r2,2,P2,B24,Tagcatch,B24_P2r2,1,1
p2,BLANKE7_P2r1,1,P2,BLANKE7,Blankwell,BLANKE7_P2r1,0,0
p2,BLANKE7_P2r3,3,P2,BLANKE7,Blankwell,BLANKE7_P2r3,0,0
p2,BLANKF7_P2r2,2,P2,BLANKF7,Blankwell,BLANKF7_P2r2,7,1
p2,BLANKF7_P2r3,3,P2,BLANKF7,Blankwell,BLANKF7_P2r3,3,1
p2,BLANKP2E10_P2r1,1,P2,BLANKP2E10,Blankwell,BLANKP2E10_P2r1,1,1
p2,BLANKP2E10_P2r2,2,P2,BLANKP2E10,Blankwell,BLANKP2E10_P2r2,2,1
p2,BLANKP2G10_P2r1,1,P2,BLANKP2G10,Blankwell,BLANKP2G10_P2r1,10,1
p2,BLANKP2G10_P2r2,2,P2,BLANKP2G10,Blankwell,BLANKP2G10_P2r2,2,1
p2,BLANKP2G10_P2r3,3,P2,BLANKP2G10,Blankwell,BLANKP2G10_P2r3,0,0
p2,BLANKP2G7_P2r1,1,P2,BLANKP2G7,Blankwell,BLANKP2G7_P2r1,0,0
p2,BLANKP2G7_P2r2,2,P2,BLANKP2G7,Blankwell,BLANKP2G7_P2r2,1,1
p2,BLANKP2G7_P2r3,3,P2,BLANKP2G7,Blankwell,BLANKP2G7_P2r3,5,1
p2,BLANKP2H7_P2r1,1,P2,BLANKP2H7,Blankwell,BLANKP2H7_P2r1,3,1
p2,BLANKP2H7_P2r2,2,P2,BLANKP2H7,Blankwell,BLANKP2H7_P2r2,1,1
p2,BLANKP2H7_P2r3,3,P2,BLANKP2H7,Blankwell,BLANKP2H7_P2r3,6,2